reasonid,childid
3876,111134
3875,110724
1002,102680
3878,113962
1003,102914
1004,104540
1003,103047
2409,108697
1001,101010
3877,112252
1001,101132
1004,104939
2409,109150
1003,103898
3877,112623
2407,106732
2407,106270
3876,112148
1004,104451
3875,110488
7653,116040
2406,105806
3876,111430
1004,104869
3878,113964
3878,113635
7652,114602
7653,116691
2407,106323
7653,115907
2408,107655
1002,101647
1003,103161
3875,110478
2407,106388
1002,101739
1004,104897
1002,101575
1004,104080
2407,106403
7653,116142
7652,115687
7653,116707
3876,111774
7652,114734
7652,115649
3877,112779
2409,109734
3877,112285
3875,111068
7654,117643
7653,116288
1002,102150
2409,109250
7652,115625
3876,112069
1001,101084
2407,106475
7654,116947
1003,103730
1002,101983
1002,102568
1004,104594
2409,109198
7653,116818
3877,112264
1001,100735
1004,104374
2407,106770
3876,111871
3877,112563
2409,109092
1003,103868
3875,110757
3875,110716
1001,101031
3878,113667
1003,103050
2409,109260
1003,102882
7652,114931
2408,108125
3875,109961
1001,100942
1003,103691
7654,117287
2406,105259
7653,116584
1003,103875
2406,105178
3876,112013
3876,111350
1004,104418
3876,111848
1004,104314
1002,102276
7653,116351
1003,103557
3877,112398
2406,105629
3876,111204
7654,117139
3878,114239
2406,106003
1003,103562
7653,116445
7652,115137
1004,104838
7652,115585
3877,112710
1003,102952
1004,104297
1002,102590
1001,100572
2408,108051
1002,102196
1004,105056
3876,111785
7653,115940
2407,107245
7653,116615
7652,115271
1004,103965
1001,100459
1001,100984
2407,106935
1001,100503
3875,111056
3875,110107
1002,102037
3877,112959
2408,108483
1001,100737
2407,107391
2406,105917
3876,111706
2406,105874
1004,104175
7652,114911
2408,108608
3877,112585
2406,105531
3875,110898
7652,114768
2408,107562
2408,107671
1002,101769
7653,116354
1002,102453
3878,114426
7653,116266
3875,110123
2406,105400
3877,113292
1003,102901
3878,114374
2409,109739
2407,107088
3876,112141
1003,103593
2406,105457
2409,108786
3876,111399
1003,102935
2408,108520
3877,112933
1002,101544
3875,109985
7654,117211
2409,108740
7652,115079
3877,112699
3875,110516
3875,110325
3877,112297
7654,117721
3876,111637
2409,109425
3877,112514
2407,107260
1003,103857
3875,110904
3877,112835
2408,108261
2406,105425
2409,108969
2407,106485
7653,116547
1002,102235
7654,117781
7652,115041
2406,105265
3877,112728
3876,112120
3877,112313
1002,102409
2406,105777
1002,102574
2406,106167
1002,102518
7653,115870
2407,107276
3875,110127
1002,102217
1002,102450
3876,111894
7652,114916
1003,103591
3876,111375
7654,117929
2409,109721
1003,103355
1003,102942
1003,103914
3878,113596
7654,118208
2407,106252
2407,106855
7652,114926
2406,105683
2407,106293
2408,108412
2407,107004
7653,116531
1003,103588
7653,116405
3878,113612
3876,111999
2409,109782
1004,104464
1004,104257
7653,116258
1001,101528
7653,116498
3877,112867
1001,100355
7653,116829
2409,109526
1003,103860
1002,102666
3878,113590
7652,114804
7654,118266
2406,105543
3877,112350
7654,117389
2407,107376
3878,113960
2409,109548
1001,100846
2407,106621
2407,106701
7654,117955
7652,114631
7652,115035
3875,110446
2408,108285
2406,105870
1001,101382
1004,104213
2407,107181
7654,117177
2406,105645
3875,111119
2409,109384
2409,109255
7653,115993
3878,113628
2409,108825
3875,109851
7652,114955
2408,107874
3876,111128
3875,110162
2409,109144
7652,115075
2408,108231
2407,106930
1002,102352
3875,110604
3876,112027
1001,101176
1003,103190
2408,107618
3878,113548
7654,117571
3878,113745
3876,111924
3876,111351
7653,115866
3875,110401
2408,108289
1002,102468
1002,101822
1002,101607
7652,115306
3878,113865
3875,110036
2409,109644
2406,105475
1001,100539
2406,106144
7653,116221
2409,108821
2406,106126
7654,117937
1002,101803
7653,116490
3878,113711
1004,103937
2406,105401
7652,114780
1003,103306
7654,117927
2409,108715
2406,106182
3878,113937
1001,100963
1002,102510
7653,116602
1003,103191
3876,111186
2406,105964
7653,116153
7654,117887
2406,105659
1002,101839
7654,117931
2408,107865
2407,106421
3878,113914
2406,105815
2409,108747
7653,115987
2408,108668
7652,114527
1002,102533
7652,114763
2407,106576
1003,102945
2407,106806
3875,110838
3876,111697
3876,111322
7652,114799
1003,103828
2406,106215
1002,102471
3878,113576
2406,105470
7653,116646
2409,109242
1004,105063
1002,101717
3878,114281
1002,102704
7653,116302
7653,116625
2409,108763
3875,110098
2407,106795
3877,112995
2407,107437
3877,112962
1003,103910
1004,104592
7654,118177
3875,110457
7653,116526
1002,101743
1003,103729
2408,108080
2407,107047
2408,108415
3875,110648
7653,116515
2409,109762
3875,110033
2406,105722
7653,116717
7654,117845
1001,101242
2407,106875
3876,111972
3875,110647
1002,102141
3877,112406
7652,115632
2407,106949
1002,101920
3876,112115
7654,117714
3876,111132
3878,113910
2407,107308
7654,117367
3875,110494
3876,111210
7654,116909
2409,109556
3875,111109
1004,104722
7653,116686
2409,109732
2408,107502
1002,102197
3877,112424
1004,104470
1003,103072
1004,104950
1001,100880
1003,103699
7654,118276
3876,111584
1002,102292
7653,116586
1001,100541
2408,108685
7653,115859
2407,106521
2409,109566
2406,105251
2408,107764
7654,117246
2409,109344
1001,100771
3878,113528
1004,104810
7653,116740
2408,108422
7654,117788
7654,118058
7653,116214
3878,114297
1002,102301
3878,113692
2406,105438
7653,115867
1001,100505
1004,104728
7654,116892
2408,107910
7652,115030
7654,117972
7654,117772
3875,110623
1004,104531
2406,105360
2406,105633
7654,118335
2408,107479
1002,102451
7652,114628
1003,103253
2409,109226
1003,103390
1001,101302
1001,100504
2409,108895
7652,114914
2409,108800
3876,111858
1001,101161
7652,114745
1002,101869
3876,111394
3875,109809
1001,101128
2408,107793
2408,107599
2407,106744
2409,109454
1003,102922
1001,101517
1001,101036
7653,116424
7653,116719
3877,113067
7652,115389
1002,101690
7653,116677
7652,115554
3878,113869
3878,113948
3877,112794
1004,104511
1003,103051
1004,104460
7653,116212
3878,114274
2409,108771
3875,110445
1004,105015
7653,115970
2407,106507
3876,111935
2409,109672
3878,113778
3876,111938
2409,109328
3877,112484
2406,106027
1001,101402
3878,114474
3878,114158
3877,112445
1001,101172
2409,109033
7654,118145
1002,102329
3876,111923
1003,103592
3876,111655
7652,114655
1003,102749
1002,102073
2406,106099
1003,103679
1002,102564
1002,102258
3878,114027
1002,102143
7654,117823
3876,111123
3878,114052
7653,116202
1004,105129
3878,113771
1002,102408
7653,116486
3878,113639
3878,113837
3875,110981
1003,103118
3877,112576
2409,109424
2407,107326
2408,107640
3877,112646
2409,109395
2407,107393
3875,109942
3878,114205
7653,116295
1003,102984
2407,107078
7653,116765
3877,113061
2409,109500
1001,100395
1002,102246
2408,107959
2407,106669
3877,112541
2408,107648
1001,101033
2407,106284
7652,115046
2408,108048
2409,108949
1001,101082
2408,107515
7652,114646
7652,114967
7652,115016
7654,117481
3875,110855
7654,118319
2408,107499
1002,102244
7653,116702
7654,117060
2406,105854
3877,113352
2407,106788
3877,112770
3875,111118
1001,101077
3876,112151
2406,105223
1002,101669
1003,103288
2407,106500
1004,104423
7654,116945
1004,103982
3875,110326
2409,109699
1002,102474
7653,115846
2408,108380
2406,106175
7653,116397
2409,109482
7654,118287
3876,111282
3875,110157
7652,115737
1001,101224
3875,109890
3877,113266
2407,106981
2407,106613
2406,105828
1004,104628
7653,116648
1003,103897
2406,105670
7654,117415
7654,117835
7654,117914
2406,106153
2408,108161
3875,110272
7652,115031
2409,109669
1003,103716
1004,104664
7652,115005
7653,116578
3877,112932
1004,104068
2406,106131
2409,109134
2407,107220
2407,107373
3876,111200
7654,117262
7652,114790
7653,116150
3877,112833
1004,104138
1003,103668
3878,113642
2406,105306
3877,112822
7654,116932
3876,111175
7652,115452
2407,107144
7654,116954
1004,104303
7653,116645
1002,102649
3876,111270
1001,100687
2408,108343
3878,114025
1003,102903
1003,103242
3878,114271
3875,110902
3875,111112
7652,115745
3876,111988
3876,111216
7654,117062
2409,109705
1003,103002
3877,113323
2407,107192
1001,100670
1001,101058
1002,102038
3876,111700
2408,107773
2409,109460
2408,108021
7654,117774
2409,109087
2409,109499
1002,102354
2408,108446
2407,106538
1003,103178
1003,103040
3875,110825
3876,111809
1001,101414
2409,109184
2408,108482
1004,105127
3876,111736
3877,112777
3878,114459
7653,115957
7653,116400
7654,117756
3875,110201
2409,109209
7653,115840
7653,116437
2407,107205
1004,104707
1003,103026
3878,114127
1004,104656
7653,116037
3878,113870
3875,110955
3876,111187
2407,106339
7654,117469
7652,115562
3875,110498
3876,111994
3878,113647
1004,104402
7654,117777
1001,101457
7654,117926
1001,100987
3875,110934
2409,108792
2406,105997
3877,112700
7652,114855
3875,110926
3877,113157
2408,108032
2406,106073
1003,103013
3875,110330
1004,104082
2406,105418
3876,111144
1004,104301
7653,116448
3878,114515
7654,117058
2408,107974
7654,117564
1004,104823
2406,105896
3878,113715
1003,103214
2408,108039
7652,115466
2408,108239
2408,108287
3877,113228
2408,108096
1003,103386
1001,100472
3876,111692
1004,104122
2409,109231
3875,110318
1003,103382
2408,108257
2407,107403
3877,112369
2407,107396
2406,105654
1002,102348
7652,115377
7653,116282
7653,116790
7654,117664
7653,116781
7652,115149
3875,110626
1001,101006
1003,102898
3875,110706
7652,114811
3878,114175
2409,109694
2407,107246
2408,107727
2407,106761
2408,107600
3877,112565
2408,108633
7654,117843
1003,103915
7653,116091
3875,109888
2408,108514
2406,105788
1003,103476
3875,110459
2407,106324
1002,102634
1004,105042
3875,110834
2407,107242
1002,101728
7654,117378
2408,107556
7652,115535
3876,111947
2408,107539
1003,103267
2406,105208
3875,110766
7652,115446
1004,104450
1003,102893
2407,107058
3878,113499
3875,110668
7652,115606
7653,115851
7652,114752
1002,102509
3875,110419
7653,116235
1002,101579
1001,100637
3876,111353
7654,118221
3878,114512
1001,101022
3878,113834
1004,105167
7653,116228
1002,102227
3876,111954
3875,110522
2407,107212
3878,113459
1004,104361
2407,106760
2408,107568
1003,103142
3877,112273
7653,116623
1003,103239
3877,112546
1004,104209
2408,108530
7654,117282
7653,116370
3875,110567
3875,110853
3878,113413
2408,107917
2406,106151
2407,107316
7654,118230
3878,114420
3878,113769
1001,101137
3875,109853
3876,111806
1002,102386
7652,114595
3875,109928
1002,101624
3878,113427
2406,105461
1001,101438
3877,112862
2406,105731
1001,100671
7652,115572
2406,105985
2406,105977
1002,102743
3876,112143
3876,111480
3878,113605
7654,118107
7652,115322
3875,110503
1002,102399
1004,104064
3878,114275
3877,112943
1001,100889
2407,106262
2406,106150
7653,116344
2407,106898
1002,102058
3877,112669
1003,103551
7653,116654
3876,111331
2408,108371
3875,110617
3876,111151
1003,103395
2407,106325
7652,114870
1004,104019
2409,109570
7652,114714
3877,112884
2407,107190
3876,111354
2409,109386
1002,102561
2409,109582
3878,113699
3875,110548
3876,111483
1001,101522
3878,113438
1003,102895
1004,104471
3876,112084
2408,107809
3878,114430
2406,105717
7653,116562
2407,107141
3877,113356
3875,110170
2408,108144
2409,109320
2408,108445
7654,117624
1004,104455
1002,102695
2407,107262
1003,103792
1001,100850
3877,113218
3878,114497
1004,104866
2409,108801
1002,101569
7654,117677
2408,108278
2406,105889
3876,111166
3875,110622
1001,101469
2409,109371
7654,116934
1002,102320
2409,108843
7653,116752
7653,116853
3876,112031
1004,105126
1004,105162
1004,104635
7653,115949
2409,109107
3875,110553
3876,111300
7653,116102
1001,101497
7653,116760
3876,112040
7652,115519
1002,102404
1004,104438
7654,118331
1001,101532
3876,111768
3878,114222
3878,113691
2408,107976
2407,107062
1004,104003
1001,101453
7654,117577
7652,115394
3878,113604
2408,107989
7653,116769
7652,114924
1004,104156
3876,111473
2407,106355
2407,107454
1003,103059
3875,111004
2407,106498
3875,110066
1002,102250
7654,117001
7654,117158
3876,112035
7654,117603
2409,109387
7653,115874
1003,102800
2406,105535
2407,106830
3875,111052
3876,111852
1004,105079
7652,115616
3876,111724
1002,101964
1002,101640
2409,109426
7652,114616
3877,112828
2407,107069
2406,105816
2406,105856
2408,107511
2407,106343
2407,107449
1004,104835
7652,115111
1004,104359
1002,102003
2408,108108
3876,112000
7652,115009
2409,109345
1004,104009
2406,105657
7654,117236
3878,113941
2407,106664
1003,102859
7652,114528
2407,106817
7654,118031
3876,111823
3877,112630
7654,118001
2406,105900
1003,102857
7652,115518
1004,105138
1001,100592
1002,102519
3876,112051
1003,103772
7653,116213
1003,103090
7653,115832
7654,117635
1004,104542
1001,100816
2409,109648
1002,101751
3878,114298
7654,117739
2407,107060
7652,114682
3877,112559
3876,111582
3875,110524
1001,100379
3878,113679
2407,106880
2409,109000
3876,111426
2407,106741
3876,111608
3875,110274
7654,117219
7654,117333
1001,101347
2409,109578
2406,105793
3878,113984
1002,102546
7652,114630
7653,116509
7653,116493
1003,102939
1002,102275
3876,111763
7652,115673
3877,112572
2407,107109
1004,104296
1002,102242
2409,109358
2409,109436
2406,106028
7652,114794
2408,107919
7653,116698
1002,101979
2408,108484
2407,107195
7653,116681
3875,110545
1003,103020
3875,109811
3876,111866
7652,115460
7652,114683
1002,102218
2406,105709
7652,115628
3876,111389
7652,115380
3875,110088
1001,100580
2406,105849
1003,103673
1001,100422
1002,101551
7652,115070
1001,100770
7654,118272
7654,117336
1003,103770
3878,114138
1002,102585
2408,107818
7653,115912
2407,107375
2407,106456
7652,114992
1001,100389
2406,105479
2408,108433
1003,103917
3876,112220
3876,112081
1001,101002
3878,113780
3876,111197
3878,113475
3878,113902
7653,116252
2408,108106
7653,116014
3875,110612
1004,104093
1002,102316
2407,106517
2408,108458
1001,100633
1004,104039
3875,110645
3878,114051
3877,112891
2407,107431
2409,109394
7652,115565
1003,103614
3875,110950
7654,116960
7652,115029
3876,111229
2407,106695
2407,107174
1001,101501
2408,108620
3875,110952
3875,110455
3875,110652
2407,106917
7654,117359
3877,112687
1001,100409
7653,116195
2407,106765
3876,112082
2406,105258
7652,115376
3875,110933
3876,111408
3878,114078
1001,100353
2409,109004
1003,103339
3877,112875
7653,116777
7654,117464
1001,101365
2407,106491
3875,111094
3875,110030
7654,117830
2409,108900
2406,105335
1002,101577
7653,116849
3878,114001
2407,106929
2409,109464
3875,109820
3878,114112
7652,114968
2406,105857
7654,117271
1004,104627
2407,106710
1002,102575
2407,106413
3878,113716
1003,103466
2407,106811
1001,101203
3877,113325
7652,114723
7654,117513
7654,117428
1003,103728
1003,103044
1001,101350
2409,109365
1002,101545
3878,114408
1001,100788
1004,105028
7653,116552
1001,100803
2408,108111
3878,113666
3875,109989
1001,100933
3878,113840
2407,106329
7653,115791
7653,116556
3877,112665
2409,109417
2406,105897
3878,113619
3875,110467
2408,108014
1002,102476
1004,104804
7652,114874
3877,112877
1002,102296
3877,112347
3878,113857
3875,110039
1003,103671
2409,109790
1002,101736
3875,110785
1004,104183
7654,118014
1002,101582
7654,117944
2408,107787
1001,101100
7654,117977
2406,105749
2408,107646
2409,109183
3876,111256
3875,110651
1003,103805
3875,110388
7653,116297
1004,104240
7653,116494
1004,104618
2409,109475
7654,117549
3877,113025
1003,103255
1001,100583
1003,103280
1002,102435
3878,114016
1002,101639
2408,107676
7652,114998
2409,109608
3875,110484
1002,101895
3877,112975
2408,108533
3878,113841
1004,104468
1001,100553
3877,112593
2408,108101
2409,109123
7653,116019
2407,106466
2406,105919
2408,108270
7654,118169
3877,112511
2408,107893
1001,100811
7654,117962
7653,116346
3877,112692
2409,109474
3878,114151
7652,115097
1004,104218
1004,104250
2406,105220
3875,110713
7654,117147
3877,112300
1002,102388
3875,109803
1002,101757
1004,104846
1003,103573
7652,114890
2406,105561
2406,105628
2408,108358
3878,113923
2406,105395
7654,117867
3875,109937
3877,113012
1003,103747
1001,101001
3878,113617
1004,104759
7652,115133
3878,114134
1001,100570
1001,100757
2408,107763
1002,101857
1001,100556
3877,113301
7653,116211
3877,112836
3878,114250
1003,103063
3878,114394
2409,109551
2408,107860
7653,116510
3875,110071
3875,110597
3876,112190
7654,118211
2406,106012
3878,114326
7653,116426
2406,105653
7653,116206
3875,110389
1004,103990
3876,111990
2406,105380
1003,103029
2409,109104
1004,104507
2407,106648
1002,102723
2407,106747
3878,114416
3878,114208
7652,114773
2407,106545
1001,101498
1001,101499
1001,100623
1002,102322
7652,115073
3875,110929
3876,111178
3878,114379
3877,113023
1001,101146
3875,110583
3878,113787
7652,115397
7654,118246
1003,103821
3876,112094
3877,113246
3878,113567
3877,112333
3875,109926
7653,116369
1002,101638
7653,116565
3876,111597
3877,112678
2409,109179
1004,105074
2408,108348
7654,117909
3876,111985
3878,114427
2407,107339
7652,115669
1001,101470
1004,104987
7654,116915
1001,100676
3878,114165
2407,107351
1002,102330
1004,103997
3875,110999
1003,103778
3876,111544
7652,114746
1001,100649
1002,101963
7654,116971
1001,101205
2409,108822
1002,102607
3876,111842
7654,117663
3878,113713
1001,101269
2408,108672
7654,117268
7653,115792
1001,100920
3875,110961
3878,114106
7653,116597
7653,116349
1004,104954
7653,116339
2408,108655
1004,104518
2407,106277
3876,111226
3876,111928
3876,111163
1004,103931
7654,117194
1001,101508
2408,108677
2407,106730
3878,114262
2407,107406
2407,107092
2407,107050
1003,103478
7652,115236
1002,102000
1002,102633
7653,116384
7654,116873
3876,111744
1004,104787
2407,107207
1004,105002
3875,110466
2408,108028
1001,100608
7652,114579
3876,111546
3876,111164
7654,117256
3875,110309
2407,107231
3877,113097
7653,116218
1002,101737
1002,102690
7653,116064
1002,102182
2409,108701
1001,100468
1004,104903
1002,102177
1003,103459
3876,111407
2408,107924
7653,116399
1004,104330
2408,108148
2408,107702
7652,115237
1004,104768
2406,105733
3877,112556
2406,106186
1004,104546
3875,111028
7652,114964
2408,108128
3875,110010
3876,111854
2409,109221
2407,106886
7654,118082
7654,117083
3878,114381
7652,115055
3878,113830
3875,111057
3877,112788
7652,115639
1004,104774
7652,115210
2409,108719
3877,113265
1001,100807
3878,113457
3877,112957
2406,105286
3875,109856
1001,100955
3875,110328
3878,114204
2407,106534
1003,103904
1002,101915
7652,114779
2409,109331
7653,116634
3875,110634
1001,101427
1002,102103
2409,109577
2408,108045
2406,106163
7652,114839
2406,106102
7654,116990
1004,104974
3876,111323
1002,101882
1004,104014
2409,108733
2409,109287
3877,112746
7652,114995
2409,109624
2407,106676
1003,103643
1004,104298
2406,105542
3877,112580
3877,113086
1003,103829
3876,111198
3877,113150
3878,113970
1002,102727
7654,118128
1002,102266
1002,101637
2407,106479
2407,106636
1003,102747
2407,107466
7653,115909
3877,112422
2408,108084
2407,106748
3878,114480
7652,115486
2407,106890
1004,104717
1001,101322
7654,117029
3876,111464
1002,102367
7652,114881
7653,115856
2409,109429
7652,115718
2407,106390
1004,104524
7653,116558
3877,112946
2409,109545
2408,107577
2407,106562
2407,106264
1003,103362
1003,103128
7654,118112
3878,114174
2408,108002
2407,107440
1004,104922
7652,115723
2409,109050
2407,106428
2407,107368
7652,115220
1001,100934
1003,103076
7654,116948
3877,112839
3875,110797
1001,100452
2409,109041
1001,101275
3878,114279
7652,114772
1003,103198
2408,108335
3876,111797
3877,112916
3876,111280
2407,106460
3875,110893
2406,105971
2406,106068
1001,101044
3878,113689
1001,101204
1004,104246
7654,117668
1003,103518
2407,106895
7652,114624
7654,117221
7652,115283
3875,111023
7653,115978
1001,100958
3875,110124
2407,107054
1002,101806
1001,100480
3877,112325
3875,110939
2408,107984
1002,102722
1003,103199
2409,109102
2409,109702
1001,101230
2407,106911
1003,103228
1002,101587
3875,110817
1004,105116
2409,109313
2407,107414
1001,101200
2409,109536
1004,104485
3875,110948
1004,105004
7652,115278
7654,117771
7652,115141
7653,116304
7653,116697
3876,112170
3875,110873
3876,111209
2406,106139
1002,101784
7654,118065
1003,102957
3877,112657
7653,115829
3878,113940
2409,109194
2407,106818
1001,101047
1003,103750
2409,109756
3878,113610
1001,100726
7653,115983
3876,112039
2408,108510
1001,101401
3875,110540
2407,107342
7653,116271
2407,106703
2407,106622
1001,101066
2408,107853
3876,111610
2408,108544
2407,107053
1002,101903
7652,114817
1004,104631
1004,104704
1003,102985
3877,112575
7653,116450
2408,107603
7652,115517
2408,108210
3875,109965
1004,104856
3876,111367
1002,101978
2407,106392
7653,116502
3878,113727
7654,117027
2408,108452
7652,115159
7654,117273
1003,103346
7653,116427
2409,109187
7652,115491
3875,109804
2409,109025
3877,112849
2407,106641
7652,114725
3877,112409
7654,117339
2407,106311
7652,115048
3877,112447
2408,108573
1004,105030
7654,117044
1001,101257
2407,106435
7654,117473
1002,102514
2409,109802
3876,112112
7654,118129
1002,102651
2408,108100
2409,109196
1001,101138
1001,100393
3878,113608
7653,116682
7654,118060
2407,107055
3877,113080
2406,105203
2406,105176
3875,110835
3877,112322
3877,112545
3878,114493
3875,109924
3875,110371
7654,118303
2409,109008
2409,109487
2407,106315
7654,118098
7653,116245
2406,105613
2407,106946
7652,115679
3877,112723
7654,116933
3877,112345
3875,111048
7653,115821
3877,112553
7654,117351
3875,110874
7654,117878
7652,115249
1003,103110
3878,113825
7654,117728
2409,109332
1001,101060
1004,104621
1002,102063
7652,115577
1003,102979
1001,101013
7653,116372
2407,106358
2409,109390
7652,115644
7652,115476
2406,105841
3875,110899
7654,117068
3875,110986
1002,102067
7654,117016
1004,103992
7654,117697
7652,114576
3877,112510
3878,113563
3878,114117
1003,103626
7652,115444
3877,113015
1004,104615
2408,107933
2407,107356
2406,105200
3875,110129
3878,113654
7654,118300
1002,101658
7652,114758
1003,103021
7652,115404
2407,106345
3876,112058
2406,105227
2408,107743
1001,101509
7652,115662
7654,117868
3875,110280
2408,108253
1003,103033
1003,103289
2408,108298
1003,102813
7654,117157
1004,104699
3878,113506
3878,114417
3877,112798
2408,108650
3877,112796
3875,109944
7654,117411
1001,101481
3878,114373
1001,100631
1002,101721
3876,111485
3878,113557
2406,105728
7652,114925
1003,103822
3878,113680
1002,102174
7653,116352
3878,113687
3875,111017
7653,116459
3875,110154
1003,103015
7653,116692
3876,111662
1001,101309
3876,111321
3876,111495
7654,117799
7653,116689
7653,115962
2407,106759
1004,103985
2409,109629
3875,109964
1003,103293
2406,106116
3876,112245
1001,101227
1003,103184
7653,116067
1001,100695
7654,117616
1004,104763
7653,116175
7654,117821
1003,103268
2409,109277
3878,113967
7654,117506
3876,111682
1003,103717
3875,110474
7654,117418
1002,102222
3876,111413
7652,115174
1003,103360
1001,100710
3877,112860
2409,108796
7654,117134
2409,109610
3877,112929
3878,114024
2407,106914
1001,100879
2406,105256
1002,102638
1002,102165
2406,105652
2408,107642
1002,102273
3876,111849
1001,101523
3877,112902
2406,106180
1001,100999
1003,103713
7652,115741
7654,118152
3875,110483
3875,110247
3878,114238
7653,116255
2409,109537
7652,114803
7653,115869
1004,104812
3877,112987
1001,100375
7653,115793
1003,103083
3876,111901
3878,114144
7653,115779
7654,117880
1002,102475
3877,112785
3875,111066
3878,114409
3876,111469
2409,109312
3878,114090
7652,114551
3875,110306
3875,110479
7654,117967
2407,106357
3876,111236
3877,112388
2409,108791
1001,100680
3877,113214
3878,114342
1004,104739
2409,108725
3878,114336
7653,115958
2408,107978
3876,111237
7654,118202
2408,107829
7653,115881
7653,116806
1003,103877
3878,113951
3878,114521
2408,108325
1003,102775
7652,114652
2409,109140
2409,108921
3876,111677
7653,115897
3876,111943
2407,107147
2409,109067
7653,116538
7652,114597
7652,115633
7652,115709
1002,101867
7652,115103
2406,105321
1003,103129
3876,112226
1001,101108
2408,108077
2409,109522
3876,111545
1004,105174
3875,110670
2407,106864
2407,106523
2409,109519
7652,114838
3877,113257
1001,101289
7654,117886
1001,100729
7652,115710
2409,109263
3875,110930
1001,101016
3878,113896
3876,111540
1003,103683
1003,103086
7654,117475
3875,110451
3877,113162
1003,103327
7653,116653
2407,106705
7653,116388
3877,112581
3877,112641
2406,105988
1002,101793
1002,102556
2407,106616
1003,103512
3877,112591
7653,116832
7653,116215
3875,110076
1002,102287
2408,108074
3877,112366
3877,113350
3878,113854
1003,103380
1001,101152
2408,108163
1001,101502
7652,115043
3875,110114
2406,105953
2409,108737
3876,112229
2409,109302
3876,111574
1001,100388
1003,103764
1003,102865
3878,113588
2407,106617
2406,106172
7653,116783
7652,115536
3877,113161
3876,112067
3876,112160
1003,102853
1004,104108
1002,102029
1003,102870
1002,102712
7653,116529
3875,110106
3876,111839
2409,108850
2408,108200
1003,103484
3877,112561
3876,111157
1002,102221
7654,118305
3878,114347
7653,116050
3876,111949
1003,103600
2407,106354
1002,102137
7654,117113
3875,110097
7654,117935
3878,113597
2407,106400
1003,103615
1001,101170
1002,102615
3875,110833
1001,100382
2406,106219
7653,116666
1002,102670
2408,108050
2408,107591
3877,112682
2407,107425
2406,105504
7654,117542
3876,111304
1001,101410
7653,116036
3877,113407
3877,113367
7652,115472
7653,116736
2409,109668
1003,103235
3877,112595
3875,110213
7652,115178
7652,115061
1002,101932
3878,114502
7654,117958
3877,113167
7652,114696
7652,114904
7652,115434
1001,100789
2406,105520
7654,117783
2407,106964
2409,109357
3877,112358
1004,104641
1002,102479
1004,104680
1002,101779
3878,113497
3875,109847
1004,104582
3878,113526
2406,105975
1002,102079
7653,116041
2407,106736
3876,111705
3876,111678
1002,101580
1002,102158
7654,116952
1004,104078
3877,113088
7652,115329
3877,113035
2406,105573
1001,100484
2407,106462
7654,117409
7652,115228
1004,104018
7653,115839
1002,102223
2406,105429
3878,114013
7653,116230
2409,109780
3878,113603
3877,112720
2408,108267
3876,111790
1004,104887
2408,107536
3877,112291
1003,103674
1002,102289
2407,106976
2407,107286
1003,103756
3878,114003
7654,118127
3876,111362
1002,102215
1004,104667
7653,116516
7652,114990
7652,114947
3875,110770
3878,114321
3877,113392
2406,105763
7654,117253
3876,111912
7654,117524
1002,102642
3878,113415
1002,101765
1004,104610
3876,111442
2406,105743
3877,113070
7653,116639
2408,107905
7654,118218
3876,112224
3878,113419
3877,113244
7654,117816
7654,117034
3877,112818
1003,103204
2406,105995
1004,104206
7654,117049
3878,114351
3878,114234
1003,103403
2408,108684
7654,117091
1002,102716
3876,111193
2409,109456
7654,117048
1003,103617
2409,109552
1002,102087
7654,117446
1001,100797
3875,110894
7653,116361
7652,115432
2409,109659
3876,111888
7653,116281
1003,103659
2406,105351
2408,107510
3876,112071
3875,110339
7654,117260
7653,115826
3877,112797
7653,116205
3876,111626
7654,117435
7654,117237
2406,105551
3878,113750
2407,106438
3877,112782
1001,101139
1004,104111
1001,100500
7654,117758
1003,103232
2406,105880
1003,103686
3875,110844
1002,102251
1004,104071
1002,102598
7654,117942
2407,107169
3875,110571
3878,114242
2408,108336
1001,100590
3878,113473
1001,100397
3878,114523
7653,116312
3877,113187
2409,109222
3875,111033
1004,104942
7653,115837
1003,103690
7654,116965
7652,115661
7652,114557
7653,116608
2406,106237
7654,117976
7654,117859
1002,102265
1002,102406
2407,106940
2409,109444
2409,108830
2409,109304
1001,101375
7654,118291
2408,107611
3875,110500
7654,118328
2409,108813
2406,105904
7654,116908
3875,110915
3877,113110
1004,104319
7654,117085
2407,106870
2409,108905
7654,117814
3877,112320
3878,114007
1003,102976
2407,106945
7652,115551
7652,114912
2408,107980
7654,117760
1004,104647
3877,112440
3875,110217
1004,104947
1003,102802
3877,113349
3877,112918
2408,107859
1003,103535
3875,110122
7652,115257
1003,103251
1003,103205
3878,113505
7654,117341
1004,104166
1003,103263
2406,105902
3875,110332
1004,104644
2409,109164
3877,112292
3877,112730
3876,111656
2409,109048
3877,112451
7652,114907
3878,114072
7652,114944
1004,104475
7652,114552
7654,117501
1002,102499
1004,104677
2408,107570
7652,114589
2406,105664
3877,113068
3877,113281
2408,108552
7652,114591
1004,104448
2407,106722
3876,111217
2408,108202
2406,105427
3878,113863
7652,114989
3875,110949
7653,115759
3877,112480
3877,112326
3875,110381
3877,112727
2406,105732
1001,100692
3875,110437
1002,102234
2409,108759
3877,113197
3875,110887
7652,115423
3877,112767
2409,109680
3876,111207
7654,117290
1002,102107
1004,103998
7653,116746
3875,110767
1002,102318
3876,112028
3875,110845
1002,102104
7653,116229
1002,101596
7653,116801
3875,110970
7654,117183
3877,112356
3875,109932
1001,100615
3877,112544
3875,110528
1004,104408
7653,115769
7652,115570
1004,105136
2407,106589
7652,114699
7654,117165
7653,116694
2409,109603
2407,106993
1002,102721
2406,105850
2409,108875
1004,104662
1002,101767
1004,104765
2406,105196
7653,116324
7654,118119
7652,114727
2409,108888
1001,101107
1004,104313
1002,101874
1001,100774
2409,109626
2406,105516
1003,103290
3875,111096
3878,113781
3876,111855
2409,109707
3875,110180
2406,106248
3875,110200
7653,116058
2409,108727
2408,108628
2407,107435
7654,117759
1003,103763
1002,102021
3875,110523
3875,109990
7653,115921
1001,100707
2408,107679
3877,113029
7652,114824
2407,106784
3875,111113
7653,115815
3877,113192
3875,110102
2408,108429
1004,104587
1001,101135
1002,102082
3876,111379
2406,106072
1003,103701
7653,116154
2408,108440
3876,111886
7653,116157
7652,114672
1001,100431
7654,117277
2409,109145
2409,109768
3876,112183
2409,108718
1001,101415
3876,112149
2406,105936
3877,112716
3877,112722
1004,104710
2409,109769
1004,104982
1003,103889
2406,105855
7653,116056
3877,112986
3878,113524
3876,111336
1003,102851
3878,114486
3877,112996
2408,108057
2408,108579
3875,110781
7653,116854
7653,116188
2409,109121
1002,102278
3877,112383
2408,108005
7653,116074
2408,108493
1002,102571
3878,114265
1001,100471
7654,117943
1004,105169
7654,118179
3878,113685
3878,113592
2408,107710
7652,114954
3877,113411
3877,112913
3878,114206
1001,100946
2409,109742
2408,107854
2407,106377
3876,111950
3877,112489
3875,109897
7652,114869
7654,117921
1001,100661
3875,110860
3875,110225
2406,105392
1004,105145
2407,106276
2407,106920
2409,109564
1002,102049
1001,100362
3875,110868
3877,113151
2409,109389
3875,109821
3878,114385
3878,113684
2408,108689
3877,113186
3877,112328
1004,103971
7652,114939
7654,117691
2407,106291
2407,106372
2407,107239
1002,102315
2407,107471
3878,113758
7654,118242
2407,107067
1003,103758
3876,111552
1002,101959
1003,103510
7652,115733
3875,110159
2408,107907
2408,108177
1001,100364
2408,107758
1003,103096
3878,113959
3876,111861
1003,103303
1002,102008
7652,115557
1004,105053
2407,106758
3876,111960
2408,107751
7652,115063
7653,115860
3877,113125
2408,108286
3876,111295
7654,117342
1001,100706
7652,114612
3878,114082
2408,108555
1003,103501
3875,110519
1004,104559
1001,100526
2409,109541
7652,115743
7654,117543
1002,101913
7653,116772
2409,108797
3878,113956
1002,102161
3875,109911
1002,102522
2407,106775
2408,108617
7652,115363
1002,101533
3877,112778
1003,103085
3875,110708
2408,107706
1003,103189
3878,113935
2408,108454
3876,111976
1003,103487
2408,108075
2408,108023
1003,103336
1001,101355
3877,112275
2408,107938
1002,101543
2407,107027
1003,103606
1002,101914
2409,109243
3875,110715
3877,113017
3878,113554
7652,115045
7654,117095
2409,108748
7652,115108
1004,104864
2406,105785
1004,104718
3877,112379
7654,116884
7652,115006
7654,118132
2408,108526
1003,102861
1004,104530
1002,102460
1002,102407
1001,101448
3878,113709
7652,115537
3878,113412
3878,114182
2408,107493
2407,106777
1003,103741
1003,103283
2407,106902
2406,105270
3876,111885
7652,114770
3877,112487
2408,108375
3876,111136
7652,115716
7652,115147
7652,115370
1004,104752
2406,105246
7652,115281
1002,102044
2407,107364
2406,106209
3878,113471
1004,104720
3876,111131
7654,117539
3876,111515
3877,112533
1003,103146
7652,115191
7652,114953
3878,113767
1001,101026
3878,113876
3878,113826
7654,118307
2406,105326
3877,113382
3878,113466
7652,115086
1004,103940
2407,107008
1001,100754
1003,103849
7653,116718
1001,101025
3875,110711
1001,101179
3875,110683
1002,102741
1002,101704
2409,109776
3875,111038
2407,107463
1001,101379
1004,104957
2408,107506
2408,108385
3876,111259
1001,100923
3875,110268
1002,101698
2409,108815
2406,105237
1004,104067
1004,104756
3875,110047
1001,101017
3877,113039
7652,114610
2407,106440
1002,101808
7652,115053
2406,105712
3878,113852
3877,113215
3876,111506
2406,105951
7652,115395
2407,107336
2409,109153
2407,107098
2406,105955
7653,116094
7654,117116
1001,100394
7653,116537
3878,113961
3876,111686
1004,104696
3875,110787
2407,106290
2406,105797
2406,105668
1002,102524
1002,101537
3875,110352
1003,102948
2409,109377
1001,100407
3875,110087
2408,108113
7653,116134
2409,108947
2406,105754
1002,102259
1004,104655
1003,102831
1003,103624
2408,108469
